<?xml version="1.0" encoding="UTF-8"?>
<project-private xmlns="http://www.netbeans.org/ns/project-private/1">
    <editor-bookmarks xmlns="http://www.netbeans.org/ns/editor-bookmarks/2" lastBookmarkId="0"/>
    <open-files xmlns="http://www.netbeans.org/ns/projectui-open-files/2">
        <group>
            <file>file:/C:/Users/Andres/Documents/cursos/Curso%20JEE%2032/practicas%20Netbeans%208.2/practica8-jsf/TiendaVirtual/TiendaVirtual-war/web/resources/ezcomp/cc_informacion_envio.xhtml</file>
            <file>file:/C:/Users/Andres/Documents/cursos/Curso%20JEE%2032/practicas%20Netbeans%208.2/practica8-jsf/TiendaVirtual/TiendaVirtual-war/web/informacion_factura.xhtml</file>
            <file>file:/C:/Users/Andres/Documents/cursos/Curso%20JEE%2032/practicas%20Netbeans%208.2/practica8-jsf/TiendaVirtual/TiendaVirtual-war/web/catalogo.xhtml</file>
            <file>file:/C:/Users/Andres/Documents/cursos/Curso%20JEE%2032/practicas%20Netbeans%208.2/practica8-jsf/TiendaVirtual/TiendaVirtual-war/src/java/cliente/OrdenCompraBean.java</file>
            <file>file:/C:/Users/Andres/Documents/cursos/Curso%20JEE%2032/practicas%20Netbeans%208.2/practica8-jsf/TiendaVirtual/TiendaVirtual-war/web/template.xhtml</file>
        </group>
    </open-files>
</project-private>
