<?xml version="1.0" encoding="UTF-8"?>
<!DOCTYPE resources PUBLIC "-//GlassFish.org//DTD GlassFish Application Server 3.1 Resource Definitions//EN" "http://glassfish.org/dtds/glassfish-resources_1_5.dtd">
<resources>
    <admin-object-resource enabled="true" jndi-name="jms/CreacionOrdenTopic" object-type="user" res-adapter="jmsra" res-type="javax.jms.Topic">
        <description/>
        <property name="Name" value="CreacionOrdenTopic"/>
        <property name="Description" value="CreacionOrdenTopic"/>
    </admin-object-resource>
    <connector-resource enabled="true" jndi-name="jms/CreacionOrdenTopicFactory" object-type="user" pool-name="jms/CreacionOrdenTopicFactory-Connection-Pool">
        <description/>
    </connector-resource>
    <jdbc-connection-pool allow-non-component-callers="false" associate-with-thread="false" connection-creation-retry-attempts="0" connection-creation-retry-interval-in-seconds="10" connection-leak-reclaim="false" connection-leak-timeout-in-seconds="0" connection-validation-method="auto-commit" datasource-classname="org.apache.derby.jdbc.ClientXADataSource" fail-all-connections="false" idle-timeout-in-seconds="300" is-connection-validation-required="false" is-isolation-level-guaranteed="true" lazy-connection-association="false" lazy-connection-enlistment="false" match-connections="false" max-connection-usage-count="0" max-pool-size="32" max-wait-time-in-millis="60000" name="derby_net_tiendaVirtualDB_admin1Pool" non-transactional-connections="false" ping="false" pool-resize-quantity="2" pooling="true" res-type="javax.sql.XADataSource" statement-cache-size="0" statement-leak-reclaim="false" statement-leak-timeout-in-seconds="0" statement-timeout-in-seconds="-1" steady-pool-size="8" validate-atmost-once-period-in-seconds="0" wrap-jdbc-objects="false">
        <property name="serverName" value="localhost"/>
        <property name="portNumber" value="1527"/>
        <property name="databaseName" value="tiendaVirtualDB"/>
        <property name="User" value="admin1"/>
        <property name="Password" value="admin"/>
        <property name="URL" value="jdbc:derby://localhost:1527/tiendaVirtualDB"/>
        <property name="driverClass" value="org.apache.derby.jdbc.ClientDriver"/>
    </jdbc-connection-pool>
    <jdbc-resource enabled="true" jndi-name="jdbc/tiendaVirtualDB" object-type="user" pool-name="derby_net_tiendaVirtualDB_admin1Pool"/>
    <connector-connection-pool associate-with-thread="false" connection-creation-retry-attempts="0" connection-creation-retry-interval-in-seconds="10" connection-definition-name="javax.jms.TopicConnectionFactory" connection-leak-reclaim="false" connection-leak-timeout-in-seconds="0" fail-all-connections="false" idle-timeout-in-seconds="300" is-connection-validation-required="false" lazy-connection-association="false" lazy-connection-enlistment="false" match-connections="true" max-connection-usage-count="0" max-pool-size="32" max-wait-time-in-millis="60000" name="jms/CreacionOrdenTopicFactory-Connection-Pool" ping="false" pool-resize-quantity="2" pooling="true" resource-adapter-name="jmsra" steady-pool-size="8" validate-atmost-once-period-in-seconds="0"/>
    <jdbc-connection-pool allow-non-component-callers="false" associate-with-thread="false" connection-creation-retry-attempts="0" connection-creation-retry-interval-in-seconds="10" connection-leak-reclaim="false" connection-leak-timeout-in-seconds="0" connection-validation-method="auto-commit" datasource-classname="org.apache.derby.jdbc.ClientXADataSource" fail-all-connections="false" idle-timeout-in-seconds="300" is-connection-validation-required="false" is-isolation-level-guaranteed="true" lazy-connection-association="false" lazy-connection-enlistment="false" match-connections="false" max-connection-usage-count="0" max-pool-size="32" max-wait-time-in-millis="60000" name="derby_net_entidadFinancieraDB_admin1Pool" non-transactional-connections="false" pool-resize-quantity="2" res-type="javax.sql.XADataSource" statement-timeout-in-seconds="-1" steady-pool-size="8" validate-atmost-once-period-in-seconds="0" wrap-jdbc-objects="false">
        <property name="serverName" value="localhost"/>
        <property name="portNumber" value="1527"/>
        <property name="databaseName" value="entidadFinancieraDB"/>
        <property name="User" value="admin1"/>
        <property name="Password" value="admin"/>
        <property name="URL" value="jdbc:derby://localhost:1527/entidadFinancieraDB"/>
        <property name="driverClass" value="org.apache.derby.jdbc.ClientDriver"/>
    </jdbc-connection-pool>
    <jdbc-resource enabled="true" jndi-name="jdbc/entidadFinancieraDB" object-type="user" pool-name="derby_net_entidadFinancieraDB_admin1Pool"/>
</resources>
