<?xml version="1.0" encoding="UTF-8"?>
<ejb-jar xmlns="http://xmlns.jcp.org/xml/ns/javaee"
         version="3.2"
         xmlns:xsi="http://www.w3.org/2001/XMLSchema-instance"
         xsi:schemaLocation="http://xmlns.jcp.org/xml/ns/javaee http://xmlns.jcp.org/xml/ns/javaee/ejb-jar_3_2.xsd">

    <interceptors>
        <interceptor>
            <interceptor-class>
                auditoria.TiendaVirtualInterceptor
            </interceptor-class>
        </interceptor>
    </interceptors>
    <assembly-descriptor>
        <interceptor-binding>
            <ejb-name>*</ejb-name>
            <interceptor-class>
                auditoria.TiendaVirtualInterceptor
            </interceptor-class>
        </interceptor-binding>
    </assembly-descriptor>

</ejb-jar>
