<?xml version="1.0" encoding="UTF-8"?>
<project-private xmlns="http://www.netbeans.org/ns/project-private/1">
    <editor-bookmarks xmlns="http://www.netbeans.org/ns/editor-bookmarks/2" lastBookmarkId="0"/>
    <open-files xmlns="http://www.netbeans.org/ns/projectui-open-files/2">
        <group>
            <file>file:/C:/Users/Andres/Documents/cursos/Curso%20JEE%2032/practicas%20Netbeans%208.2/practica5-mdbs/TiendaVirtual/TiendaVirtual-ejb/src/java/entidades/Producto.java</file>
            <file>file:/C:/Users/Andres/Documents/cursos/Curso%20JEE%2032/practicas%20Netbeans%208.2/practica5-mdbs/TiendaVirtual/TiendaVirtual-ejb/src/java/entidades/Bitacora.java</file>
        </group>
    </open-files>
</project-private>
